YEAR ,,MODEL
2016,VOLKSWAGEN,Transporter T6
2016,VOLKSWAGEN,Touran
2016,VOLKSWAGEN,Sharan
2016,VOLKSWAGEN,Scirocco GTS
2016,VOLKSWAGEN,Passat Alltrack new
2016,VOLKSWAGEN,Caddy
2015,VOLKSWAGEN,iBeetle
2015,VOLKSWAGEN,e-Golf
2015,VOLKSWAGEN,Touareg
2015,VOLKSWAGEN,Sport Coupe GTE Concept
2015,VOLKSWAGEN,Scirocco R
2015,VOLKSWAGEN,Scirocco
2015,VOLKSWAGEN,Polo R WRC Racecar
2015,VOLKSWAGEN,Polo GTI
2015,VOLKSWAGEN,Passat Variant
2015,VOLKSWAGEN,Passat GTE
2015,VOLKSWAGEN,Passat
2015,VOLKSWAGEN,Jetta
2015,VOLKSWAGEN,Golf TSI BlueMotion
2015,VOLKSWAGEN,Golf Sportsvan TSI BlueMotion
2015,VOLKSWAGEN,Golf SportWagen
2015,VOLKSWAGEN,Golf R Variant
2015,VOLKSWAGEN,Golf GTI Clubsport Concept
2015,VOLKSWAGEN,Golf GTE Sport Concept
2015,VOLKSWAGEN,Golf GTE
2015,VOLKSWAGEN,Golf GTD Variant
2015,VOLKSWAGEN,Golf Alltrack
2015,VOLKSWAGEN,GTI Supersport Vision Gran Turismo Concept
2015,VOLKSWAGEN,Cross Coupe GTE Concept
2015,VOLKSWAGEN,C Coupe GTE Concept
2014,VOLKSWAGEN,e-Up
2014,VOLKSWAGEN,XL Sport Concept
2014,VOLKSWAGEN,XL1
2014,VOLKSWAGEN,Taigun Concept
2014,VOLKSWAGEN,T-Roc Concept
2014,VOLKSWAGEN,Polo
2014,VOLKSWAGEN,New Midsize Coupe Concept
2014,VOLKSWAGEN,Golf Variant
2014,VOLKSWAGEN,Golf TDI BlueMotion
2014,VOLKSWAGEN,Golf Sportsvan
2014,VOLKSWAGEN,Golf R Cabriolet
2014,VOLKSWAGEN,Golf R 400 Concept
2014,VOLKSWAGEN,Golf R
2014,VOLKSWAGEN,Golf GTI
2014,VOLKSWAGEN,Golf GTD
2014,VOLKSWAGEN,Golf 4Motion
2014,VOLKSWAGEN,GTI Roadster Concept
2014,VOLKSWAGEN,Cross Up
2014,VOLKSWAGEN,CrossPolo
2014,VOLKSWAGEN,Beetle Dune Concept
2013,VOLKSWAGEN,e-Co-Motion Concept
2013,VOLKSWAGEN,Up 4-door
2013,VOLKSWAGEN,Up
2013,VOLKSWAGEN,Twin Up Concept
2013,VOLKSWAGEN,Touareg Edition X
2013,VOLKSWAGEN,Scirocco GTS
2013,VOLKSWAGEN,Santana
2013,VOLKSWAGEN,Polo R WRC
2013,VOLKSWAGEN,Polo BlueGT
2013,VOLKSWAGEN,Passat Alltrack
2013,VOLKSWAGEN,Lavida
2013,VOLKSWAGEN,Kombi Last Edition
2013,VOLKSWAGEN,Jetta Hybrid
2013,VOLKSWAGEN,Golf Sportsvan Concept
2013,VOLKSWAGEN,Golf Plus Life
2013,VOLKSWAGEN,Golf Mk VII UK-Version
2013,VOLKSWAGEN,Golf GTI Cabriolet
2013,VOLKSWAGEN,Golf
2013,VOLKSWAGEN,Gol 2-door
2013,VOLKSWAGEN,Eco Up
2013,VOLKSWAGEN,Design Vision GTI Concept
2013,VOLKSWAGEN,CrossBlue Coupe Concept
2013,VOLKSWAGEN,CrossBlue Concept
2013,VOLKSWAGEN,Caddy Cross
2013,VOLKSWAGEN,CC
2013,VOLKSWAGEN,Beetle TDI
2013,VOLKSWAGEN,Beetle R-Line
2013,VOLKSWAGEN,Beetle GSR
2013,VOLKSWAGEN,Beetle Fender Edition
2013,VOLKSWAGEN,Beetle Convertible
2012,VOLKSWAGEN,Tiguan
2012,VOLKSWAGEN,Taigun Concept
2012,VOLKSWAGEN,Polo R WRC Street Concept
2012,VOLKSWAGEN,Polo R WRC Concept
2012,VOLKSWAGEN,Passat US Version
2012,VOLKSWAGEN,Jetta GLI
2012,VOLKSWAGEN,Golf GTI Concept
2012,VOLKSWAGEN,Golf Cabriolet
2012,VOLKSWAGEN,Golf BlueMotion Concept
2012,VOLKSWAGEN,E-Bugster Speedster Concept
2012,VOLKSWAGEN,E-Bugster Concept
2012,VOLKSWAGEN,Cross Coupe TDI Concept
2012,VOLKSWAGEN,Beetle
2011,VOLKSWAGEN,eT Concept
2011,VOLKSWAGEN,e-Up Concept
2011,VOLKSWAGEN,XL1 Concept
2011,VOLKSWAGEN,Touran
2011,VOLKSWAGEN,Touareg
2011,VOLKSWAGEN,Sharan
2011,VOLKSWAGEN,Race Touareg 3 Qatar Concept
2011,VOLKSWAGEN,Polo Saloon
2011,VOLKSWAGEN,Polo GTI
2011,VOLKSWAGEN,Phaeton
2011,VOLKSWAGEN,Passat Estate
2011,VOLKSWAGEN,Passat
2011,VOLKSWAGEN,NILS Concept
2011,VOLKSWAGEN,Jetta EU Version
2011,VOLKSWAGEN,Jetta
2011,VOLKSWAGEN,Golf R Cabriolet Concept
2011,VOLKSWAGEN,Golf GTI Edition 35
2011,VOLKSWAGEN,Golf GTI Cabriolet Concept
2011,VOLKSWAGEN,Eos
2011,VOLKSWAGEN,Cross Up Concept
2011,VOLKSWAGEN,Cross Coupe Concept
2011,VOLKSWAGEN,CrossTouran
2011,VOLKSWAGEN,CrossPolo
2011,VOLKSWAGEN,CrossGolf
2011,VOLKSWAGEN,Bulli Concept
2011,VOLKSWAGEN,Buggy Up Concept
2011,VOLKSWAGEN,Beetle R Concept
2011,VOLKSWAGEN,Amarok
2010,VOLKSWAGEN,Scirocco R
2010,VOLKSWAGEN,Polo BlueMotion
2010,VOLKSWAGEN,Polo 3-Door
2010,VOLKSWAGEN,Polo
2010,VOLKSWAGEN,Passat CC R-Line
2010,VOLKSWAGEN,New Compact Coupe Concept
2010,VOLKSWAGEN,Milano Taxi Concept
2010,VOLKSWAGEN,London Taxi Concept
2010,VOLKSWAGEN,Golf blue-e-motion Concept
2010,VOLKSWAGEN,Golf Variant
2010,VOLKSWAGEN,Golf R
2010,VOLKSWAGEN,Golf GTI US-Version
2010,VOLKSWAGEN,Golf GTI
2010,VOLKSWAGEN,Golf GTD
2010,VOLKSWAGEN,Berlin Taxi Concept
2009,VOLKSWAGEN,Up Lite Concept
2009,VOLKSWAGEN,Touareg North Sails
2009,VOLKSWAGEN,Scirocco
2009,VOLKSWAGEN,Routan
2009,VOLKSWAGEN,Polo BlueMotion Concept
2009,VOLKSWAGEN,Phaeton
2009,VOLKSWAGEN,Passat CC
2009,VOLKSWAGEN,L1 Concept
2009,VOLKSWAGEN,Golf Plus
2009,VOLKSWAGEN,Golf
2009,VOLKSWAGEN,Gol
2009,VOLKSWAGEN,E-Up Concept
2009,VOLKSWAGEN,BlueSport Concept
2008,VOLKSWAGEN,Touareg R50
2008,VOLKSWAGEN,Touareg BlueTDI
2008,VOLKSWAGEN,Tiguan R-Line
2008,VOLKSWAGEN,Tiguan Prototype
2008,VOLKSWAGEN,Tiguan
2008,VOLKSWAGEN,Scirocco Studie R Concept
2008,VOLKSWAGEN,Pickup Concept
2008,VOLKSWAGEN,Phaeton
2008,VOLKSWAGEN,Passat Variant BlueMotion
2008,VOLKSWAGEN,Passat CC Performance Concept
2008,VOLKSWAGEN,Golf Variant
2008,VOLKSWAGEN,Golf GTI Concept
2008,VOLKSWAGEN,Golf BlueMotion
2007,VOLKSWAGEN,Up Concept
2007,VOLKSWAGEN,Touran
2007,VOLKSWAGEN,Touareg
2007,VOLKSWAGEN,Space Up Concept
2007,VOLKSWAGEN,Space Up Blue Concept
2007,VOLKSWAGEN,Passat R36
2007,VOLKSWAGEN,Multivan Startline
2007,VOLKSWAGEN,Golf Variant RaVe 270 Concept
2007,VOLKSWAGEN,Golf GTI W12 650 Concept
2007,VOLKSWAGEN,Golf GTI Pirelli
2007,VOLKSWAGEN,Eos
2007,VOLKSWAGEN,CrossTouran
2007,VOLKSWAGEN,CrossGolf
2006,VOLKSWAGEN,Tiguan Concept
2006,VOLKSWAGEN,Thunder Bunny Concept
2006,VOLKSWAGEN,Rabbit
2006,VOLKSWAGEN,R GTI Concept
2006,VOLKSWAGEN,Polo GTI
2006,VOLKSWAGEN,Polo BlueMotion
2006,VOLKSWAGEN,Passat Variant
2006,VOLKSWAGEN,Passat
2006,VOLKSWAGEN,Neeza Concept
2006,VOLKSWAGEN,Jetta GLI
2006,VOLKSWAGEN,Jetta 2.5
2006,VOLKSWAGEN,Jetta
2006,VOLKSWAGEN,IROC Concept
2006,VOLKSWAGEN,Golf GTI Edition 30
2006,VOLKSWAGEN,Golf GT
2006,VOLKSWAGEN,GX3 Concept
2006,VOLKSWAGEN,Eos
2006,VOLKSWAGEN,CrossPolo
2006,VOLKSWAGEN,Concept A
2005,VOLKSWAGEN,Touareg V6 TDI with Exclusive Equipment
2005,VOLKSWAGEN,Touareg V6 TDI
2005,VOLKSWAGEN,Touareg R GT
2005,VOLKSWAGEN,Touareg Expedition
2005,VOLKSWAGEN,Polo Fun
2005,VOLKSWAGEN,Passat R GT
2005,VOLKSWAGEN,New Beetle Ragster Concept
2005,VOLKSWAGEN,New Beetle
2005,VOLKSWAGEN,Jetta R GT
2005,VOLKSWAGEN,Golf Speed
2005,VOLKSWAGEN,Golf R32
2005,VOLKSWAGEN,Golf Plus
2005,VOLKSWAGEN,Fox 1.6
2005,VOLKSWAGEN,Fox 1.4
2005,VOLKSWAGEN,Fox 1.2
2005,VOLKSWAGEN,Fox
2005,VOLKSWAGEN,EcoRacer Prototype
2004,VOLKSWAGEN,Touareg W12 Sport
2004,VOLKSWAGEN,Sharan Special
2004,VOLKSWAGEN,RaceTouareg
2004,VOLKSWAGEN,Phaeton with Long Wheelbase
2004,VOLKSWAGEN,Phaeton V8 4.2 4MOTION
2004,VOLKSWAGEN,New Beetle Cabriolet Dark Flint Limited Edition
2004,VOLKSWAGEN,Golf GTI 5-door
2004,VOLKSWAGEN,Golf GTI
2004,VOLKSWAGEN,Golf
2004,VOLKSWAGEN,Concept T
2004,VOLKSWAGEN,Concept C
2003,VOLKSWAGEN,Touran
2003,VOLKSWAGEN,Touareg
2003,VOLKSWAGEN,Tarek
2003,VOLKSWAGEN,Polo Sedan
2003,VOLKSWAGEN,Phaeton V10 TDI
2003,VOLKSWAGEN,Passat
2003,VOLKSWAGEN,New Beetle Sport Edition
2003,VOLKSWAGEN,New Beetle Cabriolet
2003,VOLKSWAGEN,Golf GTI Concept
2003,VOLKSWAGEN,Concept R
2003,VOLKSWAGEN,Beetle Last Edition
2003,VOLKSWAGEN,1-Litre Car Concept
2002,VOLKSWAGEN,Phaeton
2002,VOLKSWAGEN,Magellan Concept
2002,VOLKSWAGEN,Golf R32
2002,VOLKSWAGEN,Golf Cabriolet Last Edition
2001,VOLKSWAGEN,W12 Coupe Concept
2001,VOLKSWAGEN,Passat W8 Variant
2001,VOLKSWAGEN,Passat W8
2001,VOLKSWAGEN,Microbus Concept
2001,VOLKSWAGEN,Golf eGeneration
2001,VOLKSWAGEN,Golf GTI 25th Anniversary
2000,VOLKSWAGEN,Passat Variant
2000,VOLKSWAGEN,Passat
2000,VOLKSWAGEN,New Beetle Dune Concept
2000,VOLKSWAGEN,Lupo GTI
2000,VOLKSWAGEN,AAC Concept
